{"cameraMode":{"drawMode":0,"name":"Shaded","section":"Shading Mode"},"sceneLighting":false,"audioPlay":false,"sceneViewState":{"m_AlwaysRefresh":false,"showFog":true,"showSkybox":false,"showFlares":true,"showImageEffects":true,"showParticleSystems":true,"showVisualEffectGraphs":true,"m_FxEnabled":true},"in2DMode":false,"pivot":{"x":7.658661365509033,"y":-2.928473949432373,"z":0.14814776182174684},"rotation":{"x":0.04893801733851433,"y":0.39064717292785647,"z":-0.019760623574256898,"w":0.9187126755714417},"size":1.4100873470306397,"orthographic":false}