{"cameraMode":{"drawMode":0,"name":"Shaded","section":"Shading Mode"},"sceneLighting":false,"audioPlay":false,"sceneViewState":{"m_AlwaysRefresh":false,"showFog":true,"showSkybox":false,"showFlares":true,"showImageEffects":true,"showParticleSystems":true,"showVisualEffectGraphs":true,"m_FxEnabled":true},"in2DMode":false,"pivot":{"x":-0.14572668075561524,"y":0.06627961248159409,"z":0.13045519590377809},"rotation":{"x":0.00246743974275887,"y":0.8951679468154907,"z":0.005127002019435167,"w":-0.445404976606369},"size":0.5213200449943543,"orthographic":false}