{"cameraMode":{"drawMode":0,"name":"Shaded","section":"Shading Mode"},"sceneLighting":true,"audioPlay":false,"sceneViewState":{"m_AlwaysRefresh":false,"showFog":true,"showSkybox":true,"showFlares":true,"showImageEffects":true,"showParticleSystems":true,"showVisualEffectGraphs":true,"m_FxEnabled":true},"in2DMode":false,"pivot":{"x":-1.8483498096466065,"y":1.6757208108901978,"z":6.456903457641602},"rotation":{"x":-0.07671735435724259,"y":0.020038355141878129,"z":-0.0015288186259567738,"w":-0.9968289136886597},"size":10.449999809265137,"orthographic":false}