{"cameraMode":{"drawMode":0,"name":"Shaded","section":"Shading Mode"},"sceneLighting":true,"audioPlay":false,"sceneViewState":{"m_AlwaysRefresh":false,"showFog":true,"showSkybox":true,"showFlares":true,"showImageEffects":true,"showParticleSystems":true,"showVisualEffectGraphs":true,"m_FxEnabled":true},"in2DMode":false,"pivot":{"x":6.597115516662598,"y":-1.6700599193572999,"z":43.152801513671878},"rotation":{"x":0.07371122390031815,"y":-0.005921029485762119,"z":0.0012708001304417849,"w":0.9969495534896851},"size":31.71044158935547,"orthographic":false}