{"cameraMode":{"drawMode":0,"name":"Shaded","section":"Shading Mode"},"sceneLighting":false,"audioPlay":false,"sceneViewState":{"m_AlwaysRefresh":false,"showFog":true,"showSkybox":false,"showFlares":true,"showImageEffects":true,"showParticleSystems":true,"showVisualEffectGraphs":true,"m_FxEnabled":true},"in2DMode":false,"pivot":{"x":-3.1864192485809328,"y":4.2178778648376469,"z":4.319362163543701},"rotation":{"x":0.03154106065630913,"y":-0.10471127182245255,"z":0.004096486605703831,"w":0.9937816858291626},"size":4.4960103034973148,"orthographic":false}