{"cameraMode":{"drawMode":0,"name":"Shaded","section":"Shading Mode"},"sceneLighting":false,"audioPlay":false,"sceneViewState":{"m_AlwaysRefresh":false,"showFog":true,"showSkybox":false,"showFlares":true,"showImageEffects":true,"showParticleSystems":true,"showVisualEffectGraphs":true,"m_FxEnabled":true},"in2DMode":false,"pivot":{"x":-1.1633143424987794,"y":0.42865416407585146,"z":-0.6657160520553589},"rotation":{"x":0.1252811700105667,"y":-0.7320117950439453,"z":0.14031140506267548,"w":0.6541914939880371},"size":2.7199079990386965,"orthographic":false}