{"cameraMode":{"drawMode":0,"name":"Shaded","section":"Shading Mode"},"sceneLighting":false,"audioPlay":false,"sceneViewState":{"m_AlwaysRefresh":false,"showFog":true,"showSkybox":false,"showFlares":true,"showImageEffects":true,"showParticleSystems":true,"showVisualEffectGraphs":true,"m_FxEnabled":true},"in2DMode":false,"pivot":{"x":1.702117681503296,"y":-0.8602068424224854,"z":0.21661560237407685},"rotation":{"x":-0.20561529695987702,"y":0.04313623905181885,"z":-0.009075239300727845,"w":-0.9775777459144592},"size":0.6298602223396301,"orthographic":false}