{"cameraMode":{"drawMode":0,"name":"Shaded","section":"Shading Mode"},"sceneLighting":false,"audioPlay":false,"sceneViewState":{"m_AlwaysRefresh":false,"showFog":true,"showSkybox":false,"showFlares":true,"showImageEffects":true,"showParticleSystems":true,"showVisualEffectGraphs":true,"m_FxEnabled":true},"in2DMode":false,"pivot":{"x":-1.113171935081482,"y":2.5488121509552,"z":0.3032193183898926},"rotation":{"x":0.05720379948616028,"y":-0.031386617571115497,"z":0.002615927718579769,"w":0.9975435733795166},"size":3.6251633167266847,"orthographic":false}